{
  "run_type": "Phase_B_v6_relaxed_avg5",
  "timestamp": "2026-04-15T01:13:06.936671",
  "fcidump": "/home/unfunnypanda/Proj_Flow/Fe4S4_251230orbital_-327.1920_10kdets/Fe4S4_251230orbital_-327.1920_10kdets/fcidump_cycle_6",
  "window_size": 15,
  "stride": 10,
  "max_iterations": 60,
  "convergence": 0.05,
  "rdm_convergence": 0.01,
  "damping": 0.1,
  "anderson_beta": 0.1,
  "anderson_m": 5,
  "anderson_reg": 0.01,
  "fallback_threshold": 0.05,
  "n_gamma_avg": 5,
  "trimci_config": {
    "threshold": 0.03,
    "max_final_dets": 200,
    "max_rounds": 2,
    "num_runs": 1,
    "pool_build_strategy": "heat_bath",
    "verbose": false
  },
  "converged": true,
  "iterations_performed": 43,
  "total_dets_final": 416,
  "fragment_n_dets_final": [
    200,
    200,
    16
  ],
  "fragment_energies_final": [
    -44.84952639128695,
    -59.6958840491816,
    -94.3355920467876
  ],
  "convergence_delta": 0.04905815561647131,
  "convergence_delta_rdm": 0.007796589010901078,
  "bare_reference": {
    "energies": [
      -187.80184315267198,
      -219.92538861367387,
      -247.65898415232388
    ],
    "n_dets": [
      200,
      200,
      16
    ]
  },
  "late_stats_40_60": {
    "delta_rdm_min": 0.006648670840911919,
    "delta_rdm_median": 0.007796589010901078,
    "delta_rdm_max": 0.011035033979520215,
    "delta_E_min": 0.035230062384833616,
    "delta_E_median": 0.04905815561647131,
    "delta_E_max": 0.059666675330845464
  },
  "late_stats_50_60": {},
  "threshold_dgamma": {
    "0.05": {
      "count": 37,
      "first_iter": 3
    },
    "0.02": {
      "count": 20,
      "first_iter": 13
    },
    "0.01": {
      "count": 5,
      "first_iter": 26
    },
    "0.005": {
      "count": 1,
      "first_iter": 32
    }
  },
  "anderson_count": 37,
  "linear_or_fallback_count": 6
}
