{
  "run_type": "Phase_B_v5_owner_avg5",
  "timestamp": "2026-04-14T22:36:26.467151",
  "fcidump": "Fe4S4_251230orbital_-327.1920_10kdets/Fe4S4_251230orbital_-327.1920_10kdets/fcidump_cycle_6",
  "window_size": 15,
  "stride": 10,
  "max_iterations": 60,
  "convergence": 1e-06,
  "rdm_convergence": 0.0001,
  "damping": 0.1,
  "n_gamma_avg": 5,
  "gamma_assembly": "owner_fragment",
  "trimci_config": {
    "threshold": 0.03,
    "max_final_dets": 200,
    "max_rounds": 2,
    "num_runs": 1,
    "pool_build_strategy": "heat_bath",
    "verbose": false
  },
  "converged": false,
  "iterations_performed": 61,
  "total_dets_final": 416,
  "fragment_n_dets_final": [
    200,
    200,
    16
  ],
  "fragment_energies_final": [
    -43.36550659780652,
    -59.999815868733045,
    -95.25054693810264
  ],
  "convergence_delta": 0.16786764966980172,
  "convergence_delta_rdm": 0.03295051760429213,
  "bare_reference": {
    "energies": [
      -187.84185517455163,
      -219.87686528141032,
      -247.65898415232405
    ],
    "n_dets": [
      200,
      200,
      16
    ]
  },
  "late_stats_40_60": {
    "delta_rdm_min": 0.017035033765753882,
    "delta_rdm_median": 0.03193319916223114,
    "delta_rdm_max": 0.05049575842754028,
    "delta_E_min": 0.03300899665397594,
    "delta_E_median": 0.16786764966980172,
    "delta_E_max": 0.5245773283719473
  },
  "late_stats_50_60": {
    "delta_rdm_min": 0.017035033765753882,
    "delta_rdm_median": 0.03295051760429213,
    "delta_rdm_max": 0.05049575842754028,
    "delta_E_min": 0.09534248403220147,
    "delta_E_median": 0.13155014372883045,
    "delta_E_max": 0.263202820139
  },
  "threshold_dgamma_0.05": {
    "count": 50,
    "first_iter": 8
  },
  "threshold_dgamma_0.02": {
    "count": 6,
    "first_iter": 28
  },
  "threshold_dgamma_0.01": {
    "count": 0,
    "first_iter": null
  },
  "threshold_dgamma_0.005": {
    "count": 0,
    "first_iter": null
  }
}