{
  "status": "SUCCESS",
  "timestamp": "2026-04-17 00:24:10",
  "runtime_sec": 2.672103,
  "method": "MFA-TrimCI",
  "phase": "D2",
  "partition": "nonoverlapping_12_12_12_h1diag",
  "partition_mode": "h1diag",
  "gamma_source": "/home/unfunnypanda/Proj_Flow/TrimCI_Flow/Outputs/mfa/outs_extract_full_gamma_20260417_002006/gamma_mixed_hybrid.npy",
  "gamma_shape": [
    36,
    36
  ],
  "gamma_load_mode": "full_matrix",
  "ref_dets_source": "/home/unfunnypanda/Proj_Flow/Fe4S4_251230orbital_-327.1920_10kdets/Fe4S4_251230orbital_-327.1920_10kdets/dets.npz",
  "ref_dets_row": 0,
  "trimci_config": {
    "threshold": 0.06,
    "max_final_dets": "auto",
    "max_rounds": 2,
    "num_runs": 1,
    "pool_build_strategy": "heat_bath",
    "verbose": false
  },
  "git_commit": null,
  "E_nuc": 0.0,
  "E_nuc_included": true,
  "energy_status": "correlation_corrected_nonoverlapping_total",
  "E_mf_global_elec": -323.1347081056748,
  "E_mf_global": -323.1347081056748,
  "E_total": -326.4897760357233,
  "error_vs_reference": 0.7022239642766976,
  "reference_energy": -327.192,
  "E_dmet_1shot_b": -258.957062,
  "E_total_minus_dmet_1shot_b": -67.5327140357233,
  "electron_count_check": {
    "sum_n_alpha": 27,
    "sum_n_beta": 27,
    "passed": true
  },
  "fragment_n_dets": [
    73,
    73,
    1
  ],
  "total_dets": 147,
  "brute_force_dets": 10095,
  "fragment_orbs": [
    [
      2,
      3,
      6,
      7,
      8,
      11,
      24,
      25,
      26,
      27,
      29,
      32
    ],
    [
      4,
      5,
      9,
      10,
      12,
      13,
      20,
      21,
      23,
      28,
      31,
      33
    ],
    [
      0,
      1,
      14,
      15,
      16,
      17,
      18,
      19,
      22,
      30,
      34,
      35
    ]
  ],
  "fragment_n_alpha": [
    6,
    9,
    12
  ],
  "fragment_n_beta": [
    6,
    9,
    12
  ],
  "per_fragment_E_trimci": [
    -28.907322253681276,
    -39.1273796874873,
    -55.41438089454216
  ],
  "per_fragment_E_mf_embedded": [
    -26.781942486504512,
    -37.99987041652274,
    -55.312202002634955
  ],
  "per_fragment_E_corr": [
    -2.1253797671767636,
    -1.127509270964559,
    -0.10217889190720797
  ],
  "E_mf_row_partition_by_frag_elec": [
    -87.77689139849033,
    -107.99909634302301,
    -127.3587203641614
  ],
  "E_mf_row_partition_sum_elec": -323.13470810567475,
  "E_mf_row_partition_sum_matches_global_elec": true
}