{
  "run_type": "Phase_B_corrected_fock",
  "formula": "J - 0.5K (spin-summed gamma)",
  "timestamp": "2026-04-14T14:27:44.918571",
  "fcidump": "Fe4S4_251230orbital_-327.1920_10kdets/Fe4S4_251230orbital_-327.1920_10kdets/fcidump_cycle_6",
  "window_size": 15,
  "stride": 10,
  "max_iterations": 20,
  "convergence": 1e-06,
  "rdm_convergence": 0.0001,
  "damping": 0.5,
  "trimci_config": "DEFAULT_CONFIG",
  "converged": false,
  "iterations_performed": 21,
  "total_dets_final": 118,
  "fragment_n_dets_final": [
    51,
    51,
    16
  ],
  "fragment_energies_final": [
    -41.592008877609835,
    -58.77136833447552,
    -88.18819478573057
  ],
  "convergence_delta": 1.6206141755282175,
  "convergence_delta_rdm": 0.35263672730651985
}