{
  "run_type": "Phase_B_v4_anderson_avg5",
  "timestamp": "2026-04-14T22:02:49.783080",
  "fcidump": "Fe4S4_251230orbital_-327.1920_10kdets/Fe4S4_251230orbital_-327.1920_10kdets/fcidump_cycle_6",
  "window_size": 15,
  "stride": 10,
  "max_iterations": 60,
  "convergence": 1e-06,
  "rdm_convergence": 0.0001,
  "damping": 0.1,
  "anderson_beta": 0.5,
  "anderson_m": 5,
  "anderson_reg": 0.0001,
  "n_gamma_avg": 5,
  "trimci_config": {
    "threshold": 0.03,
    "max_final_dets": 200,
    "max_rounds": 2,
    "num_runs": 1,
    "pool_build_strategy": "heat_bath",
    "verbose": false
  },
  "converged": false,
  "iterations_performed": 61,
  "total_dets_final": 416,
  "fragment_n_dets_final": [
    200,
    200,
    16
  ],
  "fragment_energies_final": [
    -44.604870794693774,
    -58.561468648303844,
    -94.34481995041418
  ],
  "convergence_delta": 0.044560217326164775,
  "convergence_delta_rdm": 0.01555000652017191,
  "bare_reference": {
    "energies": [
      -187.84695486016537,
      -220.13146004873738,
      -247.65898415232394
    ],
    "n_dets": [
      200,
      200,
      16
    ]
  },
  "late_stats_40_60": {
    "delta_rdm_min": 0.011886924592095172,
    "delta_rdm_median": 0.03625942517566716,
    "delta_rdm_max": 0.10746932021774036,
    "delta_E_min": 0.044560217326164775,
    "delta_E_median": 0.19707044291837406,
    "delta_E_max": 0.4921220621847411,
    "anderson_used_count": 21,
    "total_iters": 21
  },
  "late_stats_50_60": {
    "delta_rdm_min": 0.011886924592095172,
    "delta_rdm_median": 0.03564513528184676,
    "delta_rdm_max": 0.06866465795213772,
    "delta_E_min": 0.044560217326164775,
    "delta_E_median": 0.19707044291837406,
    "delta_E_max": 0.38335522347510675
  },
  "threshold_dgamma_0.05": {
    "count": 20,
    "first_iter": 11
  },
  "threshold_dgamma_0.02": {
    "count": 7,
    "first_iter": 11
  },
  "threshold_dgamma_0.01": {
    "count": 0,
    "first_iter": null
  },
  "threshold_dgamma_0.005": {
    "count": 0,
    "first_iter": null
  }
}