{
  "run_type": "Phase_B",
  "timestamp": "2026-04-14T09:45:04.515230",
  "fcidump": "Fe4S4_251230orbital_-327.1920_10kdets/Fe4S4_251230orbital_-327.1920_10kdets/fcidump_cycle_6",
  "window_size": 15,
  "stride": 10,
  "max_iterations": 20,
  "convergence": 1e-06,
  "rdm_convergence": 0.0001,
  "damping": 0.5,
  "trimci_config": "DEFAULT_CONFIG (threshold=0.06, max_final_dets=auto, max_rounds=2, num_runs=1)",
  "converged": false,
  "iterations_performed": 21,
  "total_dets_final": 118,
  "fragment_n_dets_final": [
    51,
    51,
    16
  ],
  "fragment_energies_final": [
    98.956688707918,
    76.90773451089069,
    68.98814781860915
  ],
  "convergence_delta": 1.6405372297925283,
  "convergence_delta_rdm": 0.4693851346813132,
  "iter0_energies": [
    -187.7521880301541,
    -219.73798398313136,
    -247.65898415232363
  ],
  "iter0_ndets": [
    51,
    51,
    16
  ]
}