{
  "status": "SUCCESS",
  "timestamp": "2026-04-17 00:23:01",
  "runtime_sec": 2.156523,
  "method": "MFA-TrimCI",
  "phase": "D2",
  "partition": "nonoverlapping_12_12_12_h1diag",
  "partition_mode": "h1diag",
  "gamma_source": "/home/unfunnypanda/Proj_Flow/TrimCI_Flow/Outputs/mfa/outs_extract_full_gamma_20260417_002006/gamma_mixed_full.npy",
  "gamma_shape": [
    36,
    36
  ],
  "gamma_load_mode": "full_matrix",
  "ref_dets_source": "/home/unfunnypanda/Proj_Flow/Fe4S4_251230orbital_-327.1920_10kdets/Fe4S4_251230orbital_-327.1920_10kdets/dets.npz",
  "ref_dets_row": 0,
  "trimci_config": {
    "threshold": 0.06,
    "max_final_dets": "auto",
    "max_rounds": 2,
    "num_runs": 1,
    "pool_build_strategy": "heat_bath",
    "verbose": false
  },
  "git_commit": null,
  "E_nuc": 0.0,
  "E_nuc_included": true,
  "energy_status": "correlation_corrected_nonoverlapping_total",
  "E_mf_global_elec": -323.405930073156,
  "E_mf_global": -323.405930073156,
  "E_total": -326.0385620288681,
  "error_vs_reference": 1.1534379711318934,
  "reference_energy": -327.192,
  "E_dmet_1shot_b": -258.957062,
  "E_total_minus_dmet_1shot_b": -67.0815000288681,
  "electron_count_check": {
    "sum_n_alpha": 27,
    "sum_n_beta": 27,
    "passed": true
  },
  "fragment_n_dets": [
    73,
    73,
    1
  ],
  "total_dets": 147,
  "brute_force_dets": 10095,
  "fragment_orbs": [
    [
      2,
      3,
      6,
      7,
      8,
      11,
      24,
      25,
      26,
      27,
      29,
      32
    ],
    [
      4,
      5,
      9,
      10,
      12,
      13,
      20,
      21,
      23,
      28,
      31,
      33
    ],
    [
      0,
      1,
      14,
      15,
      16,
      17,
      18,
      19,
      22,
      30,
      34,
      35
    ]
  ],
  "fragment_n_alpha": [
    6,
    9,
    12
  ],
  "fragment_n_beta": [
    6,
    9,
    12
  ],
  "per_fragment_E_trimci": [
    -29.59169473523883,
    -33.43712586581013,
    -53.618193398390375
  ],
  "per_fragment_E_mf_embedded": [
    -27.77686411170643,
    -32.619887431198364,
    -53.61763050082242
  ],
  "per_fragment_E_corr": [
    -1.8148306235323979,
    -0.8172384346117667,
    -0.0005628975679528025
  ],
  "E_mf_row_partition_by_frag_elec": [
    -92.64531846977616,
    -103.02002224843551,
    -127.74058935494428
  ],
  "E_mf_row_partition_sum_elec": -323.40593007315596,
  "E_mf_row_partition_sum_matches_global_elec": true
}