{
  "E_dmet_b": -165.94011383480012,
  "E_dmet_a": -679.6766579712139,
  "E_dmet_c": -121.06375645817086,
  "E_hf": -325.999621901569,
  "fragment_n_dets": [
    50,
    50,
    50
  ],
  "total_dets": 150,
  "fragment_orbs": [
    [
      2,
      3,
      6,
      7,
      8,
      11,
      24,
      25,
      26,
      27,
      29,
      32
    ],
    [
      4,
      5,
      9,
      10,
      12,
      13,
      20,
      21,
      23,
      28,
      31,
      33
    ],
    [
      0,
      1,
      14,
      15,
      16,
      17,
      18,
      19,
      22,
      30,
      34,
      35
    ]
  ],
  "fragment_energies_imp": [
    -80.63630877160367,
    -74.3290002325387,
    -56.89626479765681
  ]
}