{
  "E_dmet_b": -156.39448464226018,
  "E_dmet_a": -640.7421427360011,
  "E_dmet_c": -121.23431966053602,
  "E_hf": -325.9996219714154,
  "trimci_config": {
    "threshold": 0.02,
    "max_final_dets": 500,
    "max_rounds": 2,
    "num_runs": 1,
    "pool_build_strategy": "heat_bath",
    "verbose": false
  },
  "fragment_n_dets": [
    502,
    502,
    502
  ],
  "total_dets": 1506,
  "fragment_orbs": [
    [
      2,
      3,
      6,
      7,
      8,
      11,
      24,
      25,
      26,
      27,
      29,
      32
    ],
    [
      4,
      5,
      9,
      10,
      12,
      13,
      20,
      21,
      23,
      28,
      31,
      33
    ],
    [
      0,
      1,
      14,
      15,
      16,
      17,
      18,
      19,
      22,
      30,
      34,
      35
    ]
  ],
  "fragment_energies_imp": [
    -80.7298314180134,
    -74.49393520833941,
    -56.93629277958536
  ],
  "fragment_diagnostics": [
    {
      "fragment_index": 0,
      "n_frag": 12,
      "n_bath": 9,
      "n_imp": 21,
      "n_core": 15,
      "n_elec_core": 30.0,
      "n_alpha_imp": 12,
      "n_beta_imp": 12,
      "n_elec_imp": 24,
      "impurity_trimci_energy": -80.7298314180134,
      "rdm_reconstructed_impurity_energy": -80.72983141801339,
      "rdm_reconstructed_energy_discrepancy": 1.4210854715202004e-14,
      "E_A": -161.38641096501337,
      "E_B": -43.73698380451147,
      "E_C": -46.13133223886476,
      "gamma_trace": 24.00000000000008,
      "gamma_min": -0.30947213507657056,
      "gamma_max": 1.9977401552182208,
      "gamma_trace_error_vs_impurity_electrons": 8.171241461241152e-14,
      "gamma_trace_matches_impurity_electrons": true,
      "h1_solver_max_symmetry_violation": 1.609823385706477e-15,
      "eri_proj_max_symmetry_violation_pq": 1.1102230246251565e-16,
      "eri_proj_max_symmetry_violation_rs": 1.1102230246251565e-16,
      "eri_proj_max_symmetry_violation_pair": 1.1102230246251565e-16,
      "v_fock_correction_norm": 29.593553455071888,
      "v_fock_correction_max_abs": 6.9811316367185325
    },
    {
      "fragment_index": 1,
      "n_frag": 12,
      "n_bath": 9,
      "n_imp": 21,
      "n_core": 15,
      "n_elec_core": 29.999999999999996,
      "n_alpha_imp": 12,
      "n_beta_imp": 12,
      "n_elec_imp": 24,
      "impurity_trimci_energy": -74.49393520833941,
      "rdm_reconstructed_impurity_energy": -74.49393520833922,
      "rdm_reconstructed_energy_discrepancy": 1.8474111129762605e-13,
      "E_A": -229.39481691794595,
      "E_B": -56.73443977808387,
      "E_C": -42.567962976193826,
      "gamma_trace": 24.000000000000036,
      "gamma_min": -0.16024389358412025,
      "gamma_max": 1.999183667290546,
      "gamma_trace_error_vs_impurity_electrons": 3.552713678800501e-14,
      "gamma_trace_matches_impurity_electrons": true,
      "h1_solver_max_symmetry_violation": 3.0531133177191805e-15,
      "eri_proj_max_symmetry_violation_pq": 1.249000902703301e-16,
      "eri_proj_max_symmetry_violation_rs": 1.3877787807814457e-16,
      "eri_proj_max_symmetry_violation_pair": 3.3306690738754696e-16,
      "v_fock_correction_norm": 30.641801907480183,
      "v_fock_correction_max_abs": 7.250118854425845
    },
    {
      "fragment_index": 2,
      "n_frag": 12,
      "n_bath": 9,
      "n_imp": 21,
      "n_core": 15,
      "n_elec_core": 29.999999999999996,
      "n_alpha_imp": 12,
      "n_beta_imp": 12,
      "n_elec_imp": 24,
      "impurity_trimci_energy": -56.93629277958536,
      "rdm_reconstructed_impurity_energy": -56.93629277958544,
      "rdm_reconstructed_energy_discrepancy": 8.526512829121202e-14,
      "E_A": -249.9609148530418,
      "E_B": -55.92306105966486,
      "E_C": -32.53502444547743,
      "gamma_trace": 24.00000000000002,
      "gamma_min": -0.16495336636483618,
      "gamma_max": 1.993866192639043,
      "gamma_trace_error_vs_impurity_electrons": 2.1316282072803006e-14,
      "gamma_trace_matches_impurity_electrons": true,
      "h1_solver_max_symmetry_violation": 2.3349377986647823e-15,
      "eri_proj_max_symmetry_violation_pq": 6.245004513516506e-17,
      "eri_proj_max_symmetry_violation_rs": 7.632783294297951e-17,
      "eri_proj_max_symmetry_violation_pair": 1.6653345369377348e-16,
      "v_fock_correction_norm": 32.96920149692576,
      "v_fock_correction_max_abs": 8.65038449138894
    }
  ]
}