{
  "E_dmet_b": -247.12405670950233,
  "E_dmet_a": -748.9002657528607,
  "E_dmet_c": -189.7085664565463,
  "E_hf": -326.72811511546274,
  "trimci_config": {
    "threshold": 0.01,
    "max_final_dets": 1000,
    "max_rounds": 2,
    "num_runs": 1,
    "pool_build_strategy": "heat_bath",
    "verbose": false
  },
  "fragment_n_dets": [
    1008,
    1008,
    1008
  ],
  "total_dets": 3024,
  "fragment_orbs": [
    [
      2,
      3,
      6,
      7,
      8,
      11,
      24,
      25,
      26,
      27,
      29,
      32
    ],
    [
      4,
      5,
      9,
      10,
      12,
      13,
      20,
      21,
      23,
      28,
      31,
      33
    ],
    [
      0,
      1,
      14,
      15,
      16,
      17,
      18,
      19,
      22,
      30,
      34,
      35
    ]
  ],
  "fragment_energies_imp": [
    -124.40589124453938,
    -132.63455749036413,
    -122.37668417818988
  ],
  "fragment_diagnostics": [
    {
      "fragment_index": 0,
      "n_frag": 12,
      "n_bath": 12,
      "n_imp": 24,
      "n_core": 12,
      "n_elec_core": 23.228865027093132,
      "n_alpha_imp": 15,
      "n_beta_imp": 15,
      "n_elec_imp": 30,
      "impurity_trimci_energy": -124.40589124453938,
      "rdm_reconstructed_impurity_energy": -124.4058912445392,
      "rdm_reconstructed_energy_discrepancy": 1.7053025658242404e-13,
      "E_A": -213.41225086500756,
      "E_B": -70.96293410137793,
      "E_C": -62.20294562226956,
      "gamma_trace": 30.00000000000006,
      "gamma_min": -0.3106907595231344,
      "gamma_max": 1.9980049361295182,
      "gamma_trace_error_vs_impurity_electrons": 6.039613253960852e-14,
      "gamma_trace_matches_impurity_electrons": true,
      "h1_solver_max_symmetry_violation": 2.345346139520643e-15,
      "eri_proj_max_symmetry_violation_pq": 2.220446049250313e-16,
      "eri_proj_max_symmetry_violation_rs": 2.220446049250313e-16,
      "eri_proj_max_symmetry_violation_pair": 2.220446049250313e-16,
      "v_fock_correction_norm": 23.593325170102986,
      "v_fock_correction_max_abs": 5.6703326374235905
    },
    {
      "fragment_index": 1,
      "n_frag": 12,
      "n_bath": 12,
      "n_imp": 24,
      "n_core": 12,
      "n_elec_core": 21.594926405089062,
      "n_alpha_imp": 16,
      "n_beta_imp": 16,
      "n_elec_imp": 32,
      "impurity_trimci_energy": -132.63455749036413,
      "rdm_reconstructed_impurity_energy": -132.63455749036365,
      "rdm_reconstructed_energy_discrepancy": 4.831690603168681e-13,
      "E_A": -283.9695383288142,
      "E_B": -94.64492182784188,
      "E_C": -66.31727874518191,
      "gamma_trace": 32.000000000000114,
      "gamma_min": -0.24896639780548802,
      "gamma_max": 1.9998790580355454,
      "gamma_trace_error_vs_impurity_electrons": 1.1368683772161603e-13,
      "gamma_trace_matches_impurity_electrons": true,
      "h1_solver_max_symmetry_violation": 4.052314039881821e-15,
      "eri_proj_max_symmetry_violation_pq": 1.942890293094024e-16,
      "eri_proj_max_symmetry_violation_rs": 1.942890293094024e-16,
      "eri_proj_max_symmetry_violation_pair": 2.7755575615628914e-16,
      "v_fock_correction_norm": 22.26863650705956,
      "v_fock_correction_max_abs": 4.8598265539476
    },
    {
      "fragment_index": 2,
      "n_frag": 12,
      "n_bath": 12,
      "n_imp": 24,
      "n_core": 12,
      "n_elec_core": 20.014892712412706,
      "n_alpha_imp": 17,
      "n_beta_imp": 17,
      "n_elec_imp": 34,
      "impurity_trimci_energy": -122.37668417818988,
      "rdm_reconstructed_impurity_energy": -122.3766841781895,
      "rdm_reconstructed_energy_discrepancy": 3.694822225952521e-13,
      "E_A": -251.51847655903896,
      "E_B": -81.51620078028253,
      "E_C": -61.18834208909484,
      "gamma_trace": 34.0000000000001,
      "gamma_min": -0.3210840983874578,
      "gamma_max": 1.9999009607959497,
      "gamma_trace_error_vs_impurity_electrons": 9.947598300641403e-14,
      "gamma_trace_matches_impurity_electrons": true,
      "h1_solver_max_symmetry_violation": 2.1094237467877974e-15,
      "eri_proj_max_symmetry_violation_pq": 6.245004513516506e-17,
      "eri_proj_max_symmetry_violation_rs": 1.0408340855860843e-16,
      "eri_proj_max_symmetry_violation_pair": 2.220446049250313e-16,
      "v_fock_correction_norm": 23.307740862925588,
      "v_fock_correction_max_abs": 5.882632400023293
    }
  ]
}