{
  "E_dmet_b": -153.09078135400222,
  "E_dmet_a": -628.8222543754193,
  "E_dmet_c": -121.48381445350142,
  "E_hf": -325.99962204760504,
  "trimci_config": {
    "threshold": 0.01,
    "max_final_dets": 1000,
    "max_rounds": 2,
    "num_runs": 1,
    "pool_build_strategy": "heat_bath",
    "verbose": false
  },
  "fragment_n_dets": [
    1008,
    1008,
    1008
  ],
  "total_dets": 3024,
  "fragment_orbs": [
    [
      2,
      3,
      6,
      7,
      8,
      11,
      24,
      25,
      26,
      27,
      29,
      32
    ],
    [
      4,
      5,
      9,
      10,
      12,
      13,
      20,
      21,
      23,
      28,
      31,
      33
    ],
    [
      0,
      1,
      14,
      15,
      16,
      17,
      18,
      19,
      22,
      30,
      34,
      35
    ]
  ],
  "fragment_energies_imp": [
    -81.13690433598578,
    -74.5155383275507,
    -56.94423263009161
  ],
  "fragment_diagnostics": [
    {
      "fragment_index": 0,
      "n_frag": 12,
      "n_bath": 9,
      "n_imp": 21,
      "n_core": 15,
      "n_elec_core": 30.000000000000007,
      "n_alpha_imp": 12,
      "n_beta_imp": 12,
      "n_elec_imp": 24,
      "impurity_trimci_energy": -81.13690433598578,
      "rdm_reconstructed_impurity_energy": -81.1369043359855,
      "rdm_reconstructed_energy_discrepancy": 2.7000623958883807e-13,
      "E_A": -155.5652041154677,
      "E_B": -42.020901849638676,
      "E_C": -46.3639453348489,
      "gamma_trace": 24.00000000000003,
      "gamma_min": -0.32671444667820054,
      "gamma_max": 1.911590740163001,
      "gamma_trace_error_vs_impurity_electrons": 2.842170943040401e-14,
      "gamma_trace_matches_impurity_electrons": true,
      "h1_solver_max_symmetry_violation": 2.3314683517128287e-15,
      "eri_proj_max_symmetry_violation_pq": 1.3877787807814457e-16,
      "eri_proj_max_symmetry_violation_rs": 1.3877787807814457e-16,
      "eri_proj_max_symmetry_violation_pair": 2.220446049250313e-16,
      "v_fock_correction_norm": 29.593549835330105,
      "v_fock_correction_max_abs": 6.981131017986503
    },
    {
      "fragment_index": 1,
      "n_frag": 12,
      "n_bath": 9,
      "n_imp": 21,
      "n_core": 15,
      "n_elec_core": 30.0,
      "n_alpha_imp": 12,
      "n_beta_imp": 12,
      "n_elec_imp": 24,
      "impurity_trimci_energy": -74.5155383275507,
      "rdm_reconstructed_impurity_energy": -74.51553832755063,
      "rdm_reconstructed_energy_discrepancy": 7.105427357601002e-14,
      "E_A": -223.6131246915992,
      "E_B": -55.23533303718336,
      "E_C": -42.58030761574318,
      "gamma_trace": 24.00000000000005,
      "gamma_min": -0.14015627870180375,
      "gamma_max": 1.9987850539469267,
      "gamma_trace_error_vs_impurity_electrons": 4.973799150320701e-14,
      "gamma_trace_matches_impurity_electrons": true,
      "h1_solver_max_symmetry_violation": 1.8596235662471372e-15,
      "eri_proj_max_symmetry_violation_pq": 1.1102230246251565e-16,
      "eri_proj_max_symmetry_violation_rs": 1.942890293094024e-16,
      "eri_proj_max_symmetry_violation_pair": 3.3306690738754696e-16,
      "v_fock_correction_norm": 30.641800380533514,
      "v_fock_correction_max_abs": 7.25012066513403
    },
    {
      "fragment_index": 2,
      "n_frag": 12,
      "n_bath": 9,
      "n_imp": 21,
      "n_core": 15,
      "n_elec_core": 30.0,
      "n_alpha_imp": 12,
      "n_beta_imp": 12,
      "n_elec_imp": 24,
      "impurity_trimci_energy": -56.94423263009161,
      "rdm_reconstructed_impurity_energy": -56.9442326300914,
      "rdm_reconstructed_energy_discrepancy": 2.1316282072803006e-13,
      "E_A": -249.64392556835244,
      "E_B": -55.83454646718017,
      "E_C": -32.53956150290935,
      "gamma_trace": 24.000000000000007,
      "gamma_min": -0.18064483351820437,
      "gamma_max": 1.9937243309800579,
      "gamma_trace_error_vs_impurity_electrons": 7.105427357601002e-15,
      "gamma_trace_matches_impurity_electrons": true,
      "h1_solver_max_symmetry_violation": 3.1329105976141136e-15,
      "eri_proj_max_symmetry_violation_pq": 4.336808689942018e-17,
      "eri_proj_max_symmetry_violation_rs": 6.071532165918825e-17,
      "eri_proj_max_symmetry_violation_pair": 2.220446049250313e-16,
      "v_fock_correction_norm": 32.969201515301386,
      "v_fock_correction_max_abs": 8.650383312696494
    }
  ]
}