{
  "E_dmet_b": -250.75082857477105,
  "E_dmet_a": -762.898266758599,
  "E_dmet_c": -189.1017249399536,
  "E_hf": -326.7270787127235,
  "trimci_config": {
    "threshold": 0.02,
    "max_final_dets": 500,
    "max_rounds": 2,
    "num_runs": 1,
    "pool_build_strategy": "heat_bath",
    "verbose": false
  },
  "fragment_n_dets": [
    502,
    502,
    502
  ],
  "total_dets": 1506,
  "fragment_orbs": [
    [
      2,
      3,
      6,
      7,
      8,
      11,
      24,
      25,
      26,
      27,
      29,
      32
    ],
    [
      4,
      5,
      9,
      10,
      12,
      13,
      20,
      21,
      23,
      28,
      31,
      33
    ],
    [
      0,
      1,
      14,
      15,
      16,
      17,
      18,
      19,
      22,
      30,
      34,
      35
    ]
  ],
  "fragment_energies_imp": [
    -124.7723577313087,
    -131.23521924405543,
    -122.19587290454359
  ],
  "fragment_diagnostics": [
    {
      "fragment_index": 0,
      "n_frag": 12,
      "n_bath": 12,
      "n_imp": 24,
      "n_core": 12,
      "n_elec_core": 23.232781449041457,
      "n_alpha_imp": 15,
      "n_beta_imp": 15,
      "n_elec_imp": 30,
      "impurity_trimci_energy": -124.7723577313087,
      "rdm_reconstructed_impurity_energy": -124.77235773130869,
      "rdm_reconstructed_energy_discrepancy": 1.4210854715202004e-14,
      "E_A": -239.53083405501926,
      "E_B": -79.57986151941898,
      "E_C": -62.386178865654365,
      "gamma_trace": 30.00000000000002,
      "gamma_min": -0.26183056196578663,
      "gamma_max": 1.9975550221068499,
      "gamma_trace_error_vs_impurity_electrons": 2.1316282072803006e-14,
      "gamma_trace_matches_impurity_electrons": true,
      "h1_solver_max_symmetry_violation": 1.887379141862766e-15,
      "eri_proj_max_symmetry_violation_pq": 1.1102230246251565e-16,
      "eri_proj_max_symmetry_violation_rs": 1.5265566588595902e-16,
      "eri_proj_max_symmetry_violation_pair": 2.220446049250313e-16,
      "v_fock_correction_norm": 23.563594977010897,
      "v_fock_correction_max_abs": 5.548296174346476
    },
    {
      "fragment_index": 1,
      "n_frag": 12,
      "n_bath": 12,
      "n_imp": 24,
      "n_core": 12,
      "n_elec_core": 21.743923616329553,
      "n_alpha_imp": 16,
      "n_beta_imp": 16,
      "n_elec_imp": 32,
      "impurity_trimci_energy": -131.23521924405543,
      "rdm_reconstructed_impurity_energy": -131.2352192440553,
      "rdm_reconstructed_energy_discrepancy": 1.4210854715202004e-13,
      "E_A": -271.6843855631088,
      "E_B": -89.79241012861128,
      "E_C": -65.61760962202769,
      "gamma_trace": 32.000000000000064,
      "gamma_min": -0.22831749601226609,
      "gamma_max": 2.000000000000004,
      "gamma_trace_error_vs_impurity_electrons": 6.394884621840902e-14,
      "gamma_trace_matches_impurity_electrons": true,
      "h1_solver_max_symmetry_violation": 2.1649348980190553e-15,
      "eri_proj_max_symmetry_violation_pq": 1.3877787807814457e-16,
      "eri_proj_max_symmetry_violation_rs": 2.3592239273284576e-16,
      "eri_proj_max_symmetry_violation_pair": 2.220446049250313e-16,
      "v_fock_correction_norm": 22.491798968669993,
      "v_fock_correction_max_abs": 4.91623975782576
    },
    {
      "fragment_index": 2,
      "n_frag": 12,
      "n_bath": 12,
      "n_imp": 24,
      "n_core": 12,
      "n_elec_core": 20.026044383069106,
      "n_alpha_imp": 17,
      "n_beta_imp": 17,
      "n_elec_imp": 34,
      "impurity_trimci_energy": -122.19587290454359,
      "rdm_reconstructed_impurity_energy": -122.19587290454325,
      "rdm_reconstructed_energy_discrepancy": 3.410605131648481e-13,
      "E_A": -251.683047140471,
      "E_B": -81.37855692674079,
      "E_C": -61.097936452271554,
      "gamma_trace": 34.00000000000003,
      "gamma_min": -0.19333284661848318,
      "gamma_max": 1.9999622983740835,
      "gamma_trace_error_vs_impurity_electrons": 2.842170943040401e-14,
      "gamma_trace_matches_impurity_electrons": true,
      "h1_solver_max_symmetry_violation": 2.2690183065776637e-15,
      "eri_proj_max_symmetry_violation_pq": 5.204170427930421e-17,
      "eri_proj_max_symmetry_violation_rs": 1.249000902703301e-16,
      "eri_proj_max_symmetry_violation_pair": 2.220446049250313e-16,
      "v_fock_correction_norm": 23.336125758069592,
      "v_fock_correction_max_abs": 5.795931601785817
    }
  ]
}