{
  "status": "NOT_CONVERGED",
  "sc_iterations": 15,
  "sc_params": {
    "max_sc_iter": 15,
    "conv_tol": 0.001,
    "u_damp": 0.5,
    "u_step": 0.1
  },
  "trimci_config": {
    "threshold": 0.06,
    "max_final_dets": "auto",
    "max_rounds": 2,
    "num_runs": 1,
    "pool_build_strategy": "heat_bath",
    "verbose": false
  },
  "E_dmet_b": -215.89241375618022,
  "E_dmet_a": -721.3302402171586,
  "E_dmet_c": -159.52310369665122,
  "E_hf": -328.3581632858471,
  "error_vs_reference": 111.29958624381979,
  "fragment_n_dets": [
    50,
    50,
    50
  ],
  "total_dets": 150,
  "fragment_orbs": [
    [
      2,
      3,
      6,
      7,
      8,
      11,
      24,
      25,
      26,
      27,
      29,
      32
    ],
    [
      4,
      5,
      9,
      10,
      12,
      13,
      20,
      21,
      23,
      28,
      31,
      33
    ],
    [
      0,
      1,
      14,
      15,
      16,
      17,
      18,
      19,
      22,
      30,
      34,
      35
    ]
  ],
  "fragment_energies_imp": [
    -115.22547462450727,
    -111.56999246498309,
    -92.25074030381192
  ],
  "fragment_diagnostics": [
    {
      "fragment_index": 0,
      "n_frag": 12,
      "n_bath": 12,
      "n_imp": 24,
      "n_core": 12,
      "n_elec_core": 23.999953320526135,
      "n_alpha_imp": 15,
      "n_beta_imp": 15,
      "n_elec_imp": 30,
      "impurity_trimci_energy": -115.22547462450727,
      "rdm_reconstructed_energy_discrepancy": 9.947598300641403e-14,
      "E_A": -199.50752077669887,
      "E_B": -62.315469635696026,
      "E_C": -57.61273731225371,
      "gamma_trace": 29.99999999999998,
      "gamma_trace_matches_impurity_electrons": true,
      "v_fock_correction_norm": 25.183337362812896
    },
    {
      "fragment_index": 1,
      "n_frag": 12,
      "n_bath": 12,
      "n_imp": 24,
      "n_core": 12,
      "n_elec_core": 23.999919462417086,
      "n_alpha_imp": 15,
      "n_beta_imp": 15,
      "n_elec_imp": 30,
      "impurity_trimci_energy": -111.56999246498309,
      "rdm_reconstructed_energy_discrepancy": 7.105427357601002e-14,
      "E_A": -271.4467169567413,
      "E_B": -82.54314672670894,
      "E_C": -55.78499623249158,
      "gamma_trace": 30.000000000000043,
      "gamma_trace_matches_impurity_electrons": true,
      "v_fock_correction_norm": 25.898171927798884
    },
    {
      "fragment_index": 2,
      "n_frag": 12,
      "n_bath": 12,
      "n_imp": 24,
      "n_core": 12,
      "n_elec_core": 23.999935371471015,
      "n_alpha_imp": 15,
      "n_beta_imp": 15,
      "n_elec_imp": 30,
      "impurity_trimci_energy": -92.25074030381192,
      "rdm_reconstructed_energy_discrepancy": 7.105427357601002e-14,
      "E_A": -250.37600248371842,
      "E_B": -71.03379739377526,
      "E_C": -46.12537015190595,
      "gamma_trace": 30.00000000000002,
      "gamma_trace_matches_impurity_electrons": true,
      "v_fock_correction_norm": 28.616270373551284
    }
  ],
  "iteration_history": [
    {
      "sc_iter": 0,
      "E_hf": -326.727156308461,
      "E_dmet_b": -258.95706164422563,
      "E_dmet_a": -790.1161921786199,
      "E_dmet_c": -188.27720345061712,
      "max_gamma_frag_delta": 1.2559046589079434,
      "per_frag_gamma_delta": [
        1.1431383315984203,
        1.2559046589079434,
        0.27869865068437827
      ],
      "max_u_delta": 0.0,
      "fragment_n_dets": [
        50,
        50,
        50
      ],
      "total_dets": 150,
      "per_frag_n_bath": [
        12,
        12,
        12
      ],
      "converged": false
    },
    {
      "sc_iter": 1,
      "E_hf": -327.3613847268399,
      "E_dmet_b": -232.62556803953964,
      "E_dmet_a": -770.2459345681411,
      "E_dmet_c": -162.9983849173215,
      "max_gamma_frag_delta": 1.8335177522733797,
      "per_frag_gamma_delta": [
        1.8335177522733797,
        0.9963450546144239,
        0.28458158019046986
      ],
      "max_u_delta": 0.06279523294539717,
      "fragment_n_dets": [
        50,
        50,
        50
      ],
      "total_dets": 150,
      "per_frag_n_bath": [
        12,
        12,
        12
      ],
      "converged": false
    },
    {
      "sc_iter": 2,
      "E_hf": -328.3975009649523,
      "E_dmet_b": -251.813699792124,
      "E_dmet_a": -819.2455850416738,
      "E_dmet_c": -172.78380902862438,
      "max_gamma_frag_delta": 1.7745240897078307,
      "per_frag_gamma_delta": [
        1.7745240897078307,
        1.0520598425968934,
        0.45729966241099684
      ],
      "max_u_delta": 0.09167588761366897,
      "fragment_n_dets": [
        50,
        50,
        50
      ],
      "total_dets": 150,
      "per_frag_n_bath": [
        12,
        12,
        12
      ],
      "converged": false
    },
    {
      "sc_iter": 3,
      "E_hf": -310.2238592426837,
      "E_dmet_b": -186.4334818502743,
      "E_dmet_a": -662.9181562641636,
      "E_dmet_c": -152.9457007216751,
      "max_gamma_frag_delta": 1.9718847246453355,
      "per_frag_gamma_delta": [
        1.9301685533987254,
        1.9718847246453355,
        1.1353448857425843
      ],
      "max_u_delta": 0.08872620448539154,
      "fragment_n_dets": [
        50,
        50,
        50
      ],
      "total_dets": 150,
      "per_frag_n_bath": [
        12,
        12,
        12
      ],
      "converged": false
    },
    {
      "sc_iter": 4,
      "E_hf": -305.99696211776336,
      "E_dmet_b": -194.88102646947897,
      "E_dmet_a": -663.5106367325209,
      "E_dmet_c": -167.6201969096953,
      "max_gamma_frag_delta": 1.988735668859022,
      "per_frag_gamma_delta": [
        1.985410735778395,
        1.988735668859022,
        1.9870353451128615
      ],
      "max_u_delta": 0.09859423623226678,
      "fragment_n_dets": [
        50,
        50,
        50
      ],
      "total_dets": 150,
      "per_frag_n_bath": [
        12,
        12,
        12
      ],
      "converged": false
    },
    {
      "sc_iter": 5,
      "E_hf": -329.6619257998402,
      "E_dmet_b": -230.61340601455936,
      "E_dmet_a": -768.9443867864461,
      "E_dmet_c": -162.6815123024187,
      "max_gamma_frag_delta": 1.9837879101847589,
      "per_frag_gamma_delta": [
        1.9837879101847589,
        1.8741240672288129,
        0.7999375695992108
      ],
      "max_u_delta": 0.09943678344295111,
      "fragment_n_dets": [
        50,
        50,
        50
      ],
      "total_dets": 150,
      "per_frag_n_bath": [
        12,
        12,
        12
      ],
      "converged": false
    },
    {
      "sc_iter": 6,
      "E_hf": -308.25918962406865,
      "E_dmet_b": -202.61045495105523,
      "E_dmet_a": -657.065065503845,
      "E_dmet_c": -172.45193585976682,
      "max_gamma_frag_delta": 1.9806617650240712,
      "per_frag_gamma_delta": [
        1.9601896521661981,
        1.9583076930079457,
        1.9806617650240712
      ],
      "max_u_delta": 0.09918939550923794,
      "fragment_n_dets": [
        50,
        50,
        50
      ],
      "total_dets": 150,
      "per_frag_n_bath": [
        12,
        12,
        12
      ],
      "converged": false
    },
    {
      "sc_iter": 7,
      "E_hf": -317.59915342466456,
      "E_dmet_b": -178.8964317321014,
      "E_dmet_a": -614.1755267116271,
      "E_dmet_c": -156.9368735464855,
      "max_gamma_frag_delta": 1.9809279379086977,
      "per_frag_gamma_delta": [
        1.9809279379086977,
        1.9175334517482483,
        1.6794413972782627
      ],
      "max_u_delta": 0.09903308825120358,
      "fragment_n_dets": [
        50,
        50,
        50
      ],
      "total_dets": 150,
      "per_frag_n_bath": [
        12,
        12,
        12
      ],
      "converged": false
    },
    {
      "sc_iter": 8,
      "E_hf": -330.0697731961312,
      "E_dmet_b": -231.13572325549185,
      "E_dmet_a": -753.7110732326685,
      "E_dmet_c": -169.44929572780322,
      "max_gamma_frag_delta": 1.8235763080256253,