{
  "run_type": "Phase_B",
  "timestamp": "2026-04-14T10:06:50.849522",
  "fcidump": "Fe4S4_251230orbital_-327.1920_10kdets/Fe4S4_251230orbital_-327.1920_10kdets/fcidump_cycle_6",
  "window_size": 15,
  "stride": 10,
  "max_iterations": 20,
  "convergence": 1e-06,
  "rdm_convergence": 0.0001,
  "damping": 0.5,
  "trimci_config": "DEFAULT_CONFIG (threshold=0.06, max_final_dets=auto, max_rounds=2, num_runs=1)",
  "converged": false,
  "iterations_performed": 21,
  "total_dets_final": 118,
  "fragment_n_dets_final": [
    51,
    51,
    16
  ],
  "fragment_energies_final": [
    89.45482715155434,
    82.09015373787744,
    55.26042611618296
  ],
  "convergence_delta": 2.370868813649878,
  "convergence_delta_rdm": 0.32990240471952736
}