{
  "run_type": "Phase_B_v3_exp_b_embedded_iter0_gamma_avg3",
  "timestamp": "2026-04-14T16:27:36.317562",
  "fcidump": "/home/unfunnypanda/Proj_Flow/Fe4S4_251230orbital_-327.1920_10kdets/Fe4S4_251230orbital_-327.1920_10kdets/fcidump_cycle_6",
  "window_size": 15,
  "stride": 10,
  "max_iterations": 60,
  "convergence": 1e-06,
  "rdm_convergence": 0.0001,
  "damping": 0.1,
  "n_gamma_avg": 3,
  "trimci_config": {
    "threshold": 0.03,
    "max_final_dets": 200,
    "max_rounds": 2,
    "num_runs": 1,
    "pool_build_strategy": "heat_bath",
    "verbose": false
  },
  "converged": false,
  "iterations_performed": 61,
  "total_dets_final": 416,
  "fragment_n_dets_final": [
    200,
    200,
    16
  ],
  "fragment_energies_final": [
    -44.01223482509424,
    -58.811206997761204,
    -94.95766989651449
  ],
  "convergence_delta": 0.16167775460499456,
  "convergence_delta_rdm": 0.036036890272762356,
  "bare_reference": {
    "energies": [
      -187.85586422952855,
      -219.9106685786691,
      -247.65898415232334
    ],
    "n_dets": [
      200,
      200,
      16
    ]
  }
}