{
  "run_type": "Phase_C",
  "timestamp": "2026-04-14T09:58:51.776328",
  "fcidump": "Fe4S4_251230orbital_-327.1920_10kdets/Fe4S4_251230orbital_-327.1920_10kdets/fcidump_cycle_6",
  "window_size": 15,
  "stride": 10,
  "trimci_config": "DEFAULT_CONFIG",
  "total_dets": 118,
  "brute_force_dets": 10095,
  "fragment_n_dets": [
    51,
    51,
    16
  ],
  "fragment_energies": [
    -187.72017466645465,
    -219.43879562565817,
    -247.65898415232343
  ],
  "fragment_orbs": [
    [
      2,
      3,
      6,
      7,
      8,
      10,
      11,
      21,
      24,
      25,
      26,
      27,
      29,
      32,
      33
    ],
    [
      4,
      5,
      7,
      9,
      10,
      12,
      13,
      20,
      21,
      22,
      23,
      28,
      31,
      32,
      33
    ],
    [
      0,
      1,
      12,
      13,
      14,
      15,
      16,
      17,
      18,
      19,
      20,
      22,
      23,
      30,
      34,
      35
    ]
  ],
  "ratio": 0.011688954928182269,
  "savings_pct": 98.83110450718178,
  "regression_pass": true
}