{
  "E_dmet_b": -262.6127968693811,
  "E_dmet_a": -803.0424206703203,
  "E_dmet_c": -188.19921347202015,
  "E_hf": -326.7271624570756,
  "trimci_config": {
    "threshold": 0.06,
    "max_final_dets": "auto",
    "max_rounds": 2,
    "num_runs": 1,
    "pool_build_strategy": "heat_bath",
    "verbose": false
  },
  "fragment_n_dets": [
    50,
    50,
    50
  ],
  "total_dets": 150,
  "fragment_orbs": [
    [
      2,
      3,
      6,
      7,
      8,
      11,
      24,
      25,
      26,
      27,
      29,
      32
    ],
    [
      4,
      5,
      9,
      10,
      12,
      13,
      20,
      21,
      23,
      28,
      31,
      33
    ],
    [
      0,
      1,
      14,
      15,
      16,
      17,
      18,
      19,
      22,
      30,
      34,
      35
    ]
  ],
  "fragment_energies_imp": [
    -124.40972439279791,
    -130.39882179545367,
    -121.58988075578858
  ],
  "fragment_diagnostics": [
    {
      "fragment_index": 0,
      "n_frag": 12,
      "n_bath": 12,
      "n_imp": 24,
      "n_core": 12,
      "n_elec_core": 23.228422915409194,
      "n_alpha_imp": 15,
      "n_beta_imp": 15,
      "n_elec_imp": 30,
      "impurity_trimci_energy": -124.40972439279791,
      "rdm_reconstructed_impurity_energy": -124.40972439279786,
      "rdm_reconstructed_energy_discrepancy": 5.684341886080802e-14,
      "E_A": -253.68063948002623,
      "E_B": -83.6408752245806,
      "E_C": -62.20486219639895,
      "gamma_trace": 30.00000000000002,
      "gamma_min": -0.3465194132840355,
      "gamma_max": 2.0000000000000013,
      "gamma_trace_error_vs_impurity_electrons": 2.1316282072803006e-14,
      "gamma_trace_matches_impurity_electrons": true,
      "h1_solver_max_symmetry_violation": 3.4416913763379853e-15,
      "eri_proj_max_symmetry_violation_pq": 9.71445146547012e-17,
      "eri_proj_max_symmetry_violation_rs": 1.1102230246251565e-16,
      "eri_proj_max_symmetry_violation_pair": 1.6653345369377348e-16,
      "v_fock_correction_norm": 23.56775460345805,
      "v_fock_correction_max_abs": 5.553779991699434
    },
    {
      "fragment_index": 1,
      "n_frag": 12,
      "n_bath": 12,
      "n_imp": 24,
      "n_core": 12,
      "n_elec_core": 21.756427228840746,
      "n_alpha_imp": 16,
      "n_beta_imp": 16,
      "n_elec_imp": 32,
      "impurity_trimci_energy": -130.39882179545367,
      "rdm_reconstructed_impurity_energy": -130.39882179545356,
      "rdm_reconstructed_energy_discrepancy": 1.1368683772161603e-13,
      "E_A": -297.65074145704057,
      "E_B": -97.6192308187876,
      "E_C": -65.19941089772684,
      "gamma_trace": 32.00000000000003,
      "gamma_min": -0.2262583818352727,
      "gamma_max": 2.000000000000002,
      "gamma_trace_error_vs_impurity_electrons": 2.842170943040401e-14,
      "gamma_trace_matches_impurity_electrons": true,
      "h1_solver_max_symmetry_violation": 1.8318679906315083e-15,
      "eri_proj_max_symmetry_violation_pq": 1.3877787807814457e-16,
      "eri_proj_max_symmetry_violation_rs": 1.8041124150158794e-16,
      "eri_proj_max_symmetry_violation_pair": 2.7755575615628914e-16,
      "v_fock_correction_norm": 22.528493792521996,
      "v_fock_correction_max_abs": 4.931592579233373
    },
    {
      "fragment_index": 2,
      "n_frag": 12,
      "n_bath": 12,
      "n_imp": 24,
      "n_core": 12,
      "n_elec_core": 20.06425648670315,
      "n_alpha_imp": 17,
      "n_beta_imp": 17,
      "n_elec_imp": 34,
      "impurity_trimci_energy": -121.58988075578858,
      "rdm_reconstructed_impurity_energy": -121.58988075578876,
      "rdm_reconstructed_energy_discrepancy": 1.7053025658242404e-13,
      "E_A": -251.71103973325359,
      "E_B": -81.3526908260129,
      "E_C": -60.794940377894356,
      "gamma_trace": 34.00000000000004,
      "gamma_min": -0.23562883359514483,
      "gamma_max": 2.0000000000000027,
      "gamma_trace_error_vs_impurity_electrons": 4.263256414560601e-14,
      "gamma_trace_matches_impurity_electrons": true,
      "h1_solver_max_symmetry_violation": 2.615963001773025e-15,
      "eri_proj_max_symmetry_violation_pq": 5.551115123125783e-17,
      "eri_proj_max_symmetry_violation_rs": 9.71445146547012e-17,
      "eri_proj_max_symmetry_violation_pair": 2.7755575615628914e-16,
      "v_fock_correction_norm": 23.38376820344949,
      "v_fock_correction_max_abs": 5.789705623132173
    }
  ]
}