{
  "run_type": "Phase_B_v3_exp_a_embedded_iter0_gamma_avg1",
  "timestamp": "2026-04-14T16:11:57.185231",
  "fcidump": "/home/unfunnypanda/Proj_Flow/Fe4S4_251230orbital_-327.1920_10kdets/Fe4S4_251230orbital_-327.1920_10kdets/fcidump_cycle_6",
  "window_size": 15,
  "stride": 10,
  "max_iterations": 60,
  "convergence": 1e-06,
  "rdm_convergence": 0.0001,
  "damping": 0.1,
  "n_gamma_avg": 1,
  "trimci_config": {
    "threshold": 0.03,
    "max_final_dets": 200,
    "max_rounds": 2,
    "num_runs": 1,
    "pool_build_strategy": "heat_bath",
    "verbose": false
  },
  "converged": false,
  "iterations_performed": 61,
  "total_dets_final": 416,
  "fragment_n_dets_final": [
    200,
    200,
    16
  ],
  "fragment_energies_final": [
    -43.61555504631907,
    -58.50728096775801,
    -94.07409912067789
  ],
  "convergence_delta": 0.33682625145385714,
  "convergence_delta_rdm": 0.05982159370880269,
  "bare_reference": {
    "energies": [
      -187.81874183680955,
      -220.18426025110642,
      -247.65898415232348
    ],
    "n_dets": [
      200,
      200,
      16
    ]
  }
}