{
  "run_type": "meanfield_notebook_extraction",
  "timestamp": "2026-04-15T13:10:12.959453",
  "fcidump": "/home/unfunnypanda/Proj_Flow/Fe4S4_251230orbital_-327.1920_10kdets/Fe4S4_251230orbital_-327.1920_10kdets/fcidump_cycle_6",
  "scf": {
    "window_size": 15,
    "stride": 10,
    "max_iterations": 60,
    "convergence": 0.05,
    "rdm_convergence": 0.01,
    "damping": 0.1,
    "anderson_beta": 0.1,
    "anderson_m": 5,
    "anderson_reg": 0.01,
    "n_gamma_avg": 5,
    "trimci_config": {
      "threshold": 0.03,
      "max_final_dets": 200,
      "max_rounds": 2,
      "num_runs": 1,
      "pool_build_strategy": "heat_bath",
      "verbose": false
    },
    "converged": true,
    "iterations_performed": 19,
    "fragment_n_dets_final": [
      200,
      200,
      16
    ],
    "total_dets_final": 416,
    "fragment_energies_final": [
      -45.15389669568344,
      -60.9307722935415,
      -93.99351847272965
    ],
    "convergence_delta": 0.04917250743018542,
    "convergence_delta_rdm": 0.006964793053164664,
    "bare_reference": {
      "energies": [
        -187.8476034030168,
        -220.28854723325512,
        -247.6589841523234
      ],
      "n_dets": [
        200,
        200,
        16
      ]
    }
  },
  "extraction": {
    "trimci_config": {
      "threshold": 0.06,
      "max_final_dets": "auto",
      "max_rounds": 2,
      "num_runs": 1,
      "pool_build_strategy": "heat_bath",
      "verbose": false
    },
    "fragment_results": [
      {
        "fragment": 0,
        "orbs": [
          2,
          3,
          6,
          7,
          8,
          10,
          11,
          21,
          24,
          25,
          26,
          27,
          29,
          32,
          33
        ],
        "n_alpha": 8,
        "n_beta": 9,
        "energy": -45.095611069964335,
        "n_dets": 51
      },
      {
        "fragment": 1,
        "orbs": [
          4,
          5,
          7,
          9,
          10,
          12,
          13,
          20,
          21,
          22,
          23,
          28,
          31,
          32,
          33
        ],
        "n_alpha": 11,
        "n_beta": 11,
        "energy": -60.91713695098239,
        "n_dets": 51
      },
      {
        "fragment": 2,
        "orbs": [
          0,
          1,
          12,
          13,
          14,
          15,
          16,
          17,
          18,
          19,
          20,
          22,
          23,
          30,
          34,
          35
        ],
        "n_alpha": 16,
        "n_beta": 15,
        "energy": -93.95734865265611,
        "n_dets": 16
      }
    ],
    "fragment_n_dets": [
      51,
      51,
      16
    ],
    "total_dets": 118,
    "uncoupled_baseline_total_dets": 118,
    "delta_vs_uncoupled": 0,
    "verdict": "Meanfield is neutral: same determinant count as uncoupled"
  }
}
