{
  "run_type": "Phase_B_v3_n10",
  "timestamp": "2026-04-14T23:16:20.620867",
  "n_gamma_avg": 10,
  "converged": false,
  "iterations_performed": 61,
  "fragment_n_dets_final": [
    200,
    200,
    16
  ],
  "fragment_energies_final": [
    -44.14209929741587,
    -58.90926434826216,
    -95.03677614832213
  ],
  "convergence_delta": 0.06833751360141349,
  "convergence_delta_rdm": 0.017078829935757378,
  "bare_reference": {
    "energies": [
      -187.85097794175581,
      -219.8198157056667,
      -247.65898415232394
    ],
    "n_dets": [
      200,
      200,
      16
    ]
  },
  "late_stats_40_60": {
    "delta_rdm_min": 0.012594747083421565,
    "delta_rdm_median": 0.02277917937553342,
    "delta_rdm_max": 0.03869596363130734
  },
  "late_stats_50_60": {
    "delta_rdm_min": 0.012824524115697233,
    "delta_rdm_median": 0.01898963286166211,
    "delta_rdm_max": 0.03869596363130734
  },
  "threshold_dgamma": {
    "0.05": {
      "count": 51,
      "first_iter": 9
    },
    "0.02": {
      "count": 18,
      "first_iter": 20
    },
    "0.01": {
      "count": 0,
      "first_iter": null
    },
    "0.005": {
      "count": 0,
      "first_iter": null
    }
  }
}